Employee_Id,Employee_Name,Employee_Age,Employee_Designation,Hired_On
7,Siri,27,Jr.Consultant,2018-01-01 00:00:00
8,Siva,28,Sr.Consultant,2018-01-01 00:00:00
9,Bhasker,40,Project Manager,2018-01-01 00:00:00
10,Suresh,40,Project Manager,2018-01-02 00:00:00
11,Uma,38,Sr.Consultant,2018-01-02 00:00:00
12,Deepu,12,Jr.Consultant,2018-01-02 00:00:00
13,Abhinav,5,Jr.Consultant,2018-01-02 00:00:00
14,Suneetha,35,Project Manager,2018-01-01 00:00:00
15,Sahithi,13,Jr.Consultant,2018-01-01 00:00:00
